GameKey,SeasonType,Season,Week,Date,AwayTeam,HomeTeam,AwayScore,HomeScore,PointSpread,OverUnder,AwayScoreQuarter1,AwayScoreQuarter2,AwayScoreQuarter3,AwayScoreQuarter4,AwayScoreOvertime,HomeScoreQuarter1,HomeScoreQuarter2,HomeScoreQuarter3,HomeScoreQuarter4,HomeScoreOvertime,StadiumID,ForecastTempLow,ForecastTempHigh,ForecastDescription,ForecastWindChill,ForecastWindSpeed,AwayTeamMoneyLine,HomeTeamMoneyLine,ScoreID,NeutralVenue,OverPayout,UnderPayout
202120028,2,2021,0,8/5/2021 8:00:00 PM,DAL,PIT,3,16,-2.5,31.5,3,0,0,0,0,0,0,9,7,0,46,64,64,Few Clouds,64,5,130,-150,17660,True,-110,-110
202120121,2,2021,1,8/12/2021 7:30:00 PM,WAS,NE,13,22,-1.5,37.0,0,7,0,6,0,3,3,3,13,0,4,72,73,Light Rain,73,3,112,-133,17661,False,-110,-110
202120126,2,2021,1,8/12/2021 7:30:00 PM,PIT,PHI,24,16,-1.5,36.0,0,7,14,3,0,10,6,0,0,0,18,79,81,Light Rain,81,7,105,-125,17662,False,-110,-110
202120102,2,2021,1,8/13/2021 7:00:00 PM,TEN,ATL,23,3,-2.5,37.0,3,10,3,7,0,0,0,3,0,0,45,79,82,Overcast Clouds,79,2,130,-153,17663,False,-110,-110
202120111,2,2021,1,8/13/2021 7:00:00 PM,BUF,DET,16,15,-1.5,36.5,3,10,0,3,0,3,0,0,12,0,21,69,69,Few Clouds,69,8,117,-138,17958,False,-115,-105
202120101,2,2021,1,8/13/2021 10:00:00 PM,DAL,ARI,16,19,-2.0,37.0,0,6,3,7,0,3,7,3,6,0,29,78,89,Moderate Rain,89,17,120,-140,17968,False,-113,-108
202120106,2,2021,1,8/14/2021 1:00:00 PM,MIA,CHI,13,20,-3.0,36.0,3,10,0,0,0,0,3,14,3,0,20,65,67,Scattered Clouds,65,7,150,-173,17664,False,-115,-105
202120120,2,2021,1,8/14/2021 4:00:00 PM,DEN,MIN,33,6,2.5,34.0,9,17,7,0,0,3,3,0,0,0,42,71,72,Clear Sky,72,10,-155,132,17970,False,-113,-108
202120103,2,2021,1,8/14/2021 7:00:00 PM,NO,BAL,14,17,-1.0,36.0,0,14,0,0,0,0,9,0,8,0,7,72,76,Light Rain,76,6,100,-120,17955,False,-110,-110
202120115,2,2021,1,8/14/2021 7:00:00 PM,CLE,JAX,23,13,-4.0,37.0,3,10,3,7,0,0,0,0,13,0,10,77,79,Light Rain,77,5,167,-200,17965,False,-113,-108
202120123,2,2021,1,8/14/2021 7:30:00 PM,NYJ,NYG,12,7,2.5,33.5,3,0,7,2,0,0,0,0,7,0,3,74,75,Broken Clouds,75,8,-147,125,17979,False,-110,-110
202120133,2,2021,1,8/14/2021 7:30:00 PM,CIN,TB,19,14,-6.0,33.5,0,7,9,3,0,6,0,0,8,0,24,78,80,Broken Clouds,78,9,207,-255,17665,False,-123,102
202120112,2,2021,1,8/14/2021 8:00:00 PM,HOU,GB,26,7,-3.0,35.5,3,10,3,10,0,0,7,0,0,0,22,59,62,Clear Sky,62,9,145,-170,17666,False,-110,-110
202120131,2,2021,1,8/14/2021 8:30:00 PM,KC,SF,19,16,-2.5,38.5,7,0,3,9,0,6,3,0,7,0,37,68,70,Few Clouds,68,1,120,-142,17960,False,-110,-110
202120125,2,2021,1,8/14/2021 9:00:00 PM,SEA,LV,7,20,-2.5,37.0,0,0,7,0,0,7,6,0,7,0,53,95,96,Scattered Clouds,96,10,132,-158,17971,False,-110,-110
202120132,2,2021,1,8/14/2021 10:00:00 PM,LAC,LAR,13,6,3.5,32.0,3,3,7,0,0,0,6,0,0,0,54,71,72,Clear Sky,71,5,-187,157,17961,False,-110,-110
202120114,2,2021,1,8/15/2021 1:00:00 PM,CAR,IND,18,21,-3.0,33.0,3,12,0,3,0,3,7,0,11,0,9,64,69,Overcast Clouds,69,6,135,-158,17972,False,-110,-110
202120226,2,2021,2,8/19/2021 7:30:00 PM,NE,PHI,35,0,-1.0,38.5,13,6,13,3,0,0,0,0,0,0,18,75,76,Broken Clouds,76,4,-105,-115,17667,False,-110,-110
202120201,2,2021,2,8/20/2021 8:00:00 PM,KC,ARI,17,10,3.5,41.0,3,7,7,0,0,0,0,3,7,0,29,92,93,Few Clouds,92,2,-188,162,17668,False,-110,-110
202120235,2,2021,2,8/20/2021 8:00:00 PM,CIN,WAS,13,17,-5.5,35.0,3,0,7,3,0,3,3,3,8,0,19,71,72,Light Rain,72,2,190,-225,17957,False,-110,-110
202120206,2,2021,2,8/21/2021 1:00:00 PM,BUF,CHI,41,15,-4.0,37.0,13,21,7,0,0,0,6,0,9,0,20,73,75,Light Rain,75,9,165,-192,17669,False,-110,-110
202120212,2,2021,2,8/21/2021 4:25:00 PM,NYJ,GB,23,14,2.5,31.0,3,14,6,0,0,7,7,0,0,0,22,62,66,Clear Sky,66,11,-140,117,17670,False,-110,-110
202120205,2,2021,2,8/21/2021 7:00:00 PM,BAL,CAR,20,3,3.5,34.5,0,3,7,10,0,0,3,0,0,0,26,72,73,Light Rain,73,4,-193,167,17956,False,-113,-108
202120219,2,2021,2,8/21/2021 7:00:00 PM,ATL,MIA,17,37,-6.0,35.5,3,0,0,14,0,7,7,16,7,0,2,84,86,Few Clouds,84,10,205,-250,17671,False,-110,-110
202120228,2,2021,2,8/21/2021 7:30:00 PM,DET,PIT,20,26,-7.0,36.5,0,0,0,20,0,14,6,3,3,0,8,67,68,Clear Sky,68,0,242,-295,17672,False,-110,-110
202120233,2,2021,2,8/21/2021 7:30:00 PM,TEN,TB,34,3,-1.0,34.5,7,6,14,7,0,0,3,0,0,0,24,80,81,Overcast Clouds,80,5,-110,-110,17673,False,-110,-110
202120209,2,2021,2,8/21/2021 8:00:00 PM,HOU,DAL,20,14,-3.5,35.5,7,0,7,6,0,7,7,0,0,0,17,86,86,Clear Sky,86,12,147,-173,17969,False,-110,-110
202120220,2,2021,2,8/21/2021 8:00:00 PM,IND,MIN,12,10,-2.0,37.0,3,3,3,3,0,7,3,0,0,0,42,61,62,Clear Sky,61,3,117,-138,17973,False,-110,-110
202120232,2,2021,2,8/21/2021 10:00:00 PM,LV,LAR,17,16,6.5,33.5,7,0,3,7,0,0,10,0,6,0,54,67,67,Clear Sky,67,6,-281,227,17962,False,-110,-110
202120230,2,2021,2,8/21/2021 10:00:00 PM,DEN,SEA,30,3,4.5,37.5,7,10,3,10,0,0,0,3,0,0,31,62,64,Overcast Clouds,64,7,-217,180,17974,False,-115,-105
202120208,2,2021,2,8/22/2021 1:00:00 PM,NYG,CLE,13,17,-6.0,35.0,7,0,0,6,0,7,0,7,3,0,6,74,75,Light Rain,74,3,205,-250,17978,False,-110,-110
202120229,2,2021,2,8/22/2021 7:30:00 PM,SF,LAC,15,10,6.5,34.5,0,8,7,0,0,0,10,0,0,0,54,68,68,Clear Sky,68,6,-276,227,17963,False,-110,-110
202120222,2,2021,2,8/23/2021 8:00:00 PM,JAX,NO,21,23,-4.0,40.0,0,3,0,18,0,14,3,6,0,0,27,81,81,Broken Clouds,81,6,167,-207,17674,False,-110,-110
202120311,2,2021,3,8/27/2021 7:00:00 PM,IND,DET,27,17,1.5,33.5,3,6,0,18,0,7,7,3,0,0,21,75,76,Few Clouds,76,3,-120,100,17975,False,-110,-110
202120305,2,2021,3,8/27/2021 7:30:00 PM,PIT,CAR,9,34,-4.0,35.5,0,0,3,6,0,3,14,7,10,0,26,75,76,Clear Sky,75,5,160,-190,17675,False,-110,-110
202120324,2,2021,3,8/27/2021 7:30:00 PM,PHI,NYJ,31,31,-4.5,33.5,14,7,3,7,0,7,3,7,14,0,3,76,77,Light Rain,77,6,167,-198,17980,False,-113,-108
202120316,2,2021,3,8/27/2021 8:00:00 PM,MIN,KC,25,28,-4.5,38.0,3,0,7,15,0,14,7,7,0,0,15,78,79,Clear Sky,79,10,175,-215,17976,False,-110,-110
202120304,2,2021,3,8/28/2021 1:00:00 PM,GB,BUF,0,19,-7.5,37.5,0,0,0,0,0,7,6,6,0,0,1,71,73,Few Clouds,73,7,280,-358,17676,False,-110,-110
,2,2021,3,8/28/2021 1:00:00 PM,ARI,NO,,,,,,,,,,,,,,,27,81,82,Light Rain,82,18,,,17967,False,,
202120335,2,2021,3,8/28/2021 6:00:00 PM,BAL,WAS,37,3,3.5,33.0,7,16,14,0,0,0,3,0,0,0,19,73,74,Light Rain,74,4,-215,175,17954,False,-113,-108
202120334,2,2021,3,8/28/2021 7:00:00 PM,CHI,TEN,27,24,3.0,36.5,0,14,7,6,0,0,10,7,7,0,12,75,76,Few Clouds,75,4,-163,137,17677,False,-110,-110
202120313,2,2021,3,8/28/2021 8:00:00 PM,TB,HOU,23,16,4.0,36.5,6,10,7,0,0,0,2,8,6,0,11,79,79,Light Rain,79,3,-200,170,17678,False,-110,-110
202120310,2,2021,3,8/28/2021 9:05:00 PM,LAR,DEN,12,17,-9.5,33.5,3,6,3,0,0,3,7,7,0,0,13,68,72,Light Rain,72,12,330,-435,17959,False,-110,-110
202120330,2,2021,3,8/28/2021 10:00:00 PM,LAC,SEA,0,27,-6.0,35.5,0,0,0,0,0,14,3,3,7,0,31,59,63,Few Clouds,63,5,215,-267,17977,False,-110,-110
202120309,2,2021,3,8/29/2021 1:00:00 PM,JAX,DAL,34,14,4.0,36.0,7,10,7,10,0,0,7,0,7,0,17,81,84,Few Clouds,81,4,-200,167,17966,False,-110,-110
202120307,2,2021,3,8/29/2021 4:00:00 PM,MIA,CIN,29,26,-2.0,36.0,7,7,0,15,0,0,13,7,6,0,5,74,77,Light Rain,77,4,110,-130,17679,False,-110,-110
202120331,2,2021,3,8/29/2021 4:00:00 PM,LV,SF,10,34,-5.5,35.5,0,3,7,0,0,7,13,14,0,0,37,70,72,Few Clouds,70,2,187,-233,17964,False,-110,-110
202120323,2,2021,3,8/29/2021 6:00:00 PM,NE,NYG,22,20,3.5,35.5,3,3,13,3,0,0,7,0,13,0,3,73,73,Broken Clouds,73,3,-178,152,17680,False,-110,-110
202120302,2,2021,3,8/29/2021 8:00:00 PM,CLE,ATL,19,10,6.0,36.0,7,3,3,6,0,0,3,0,7,0,45,77,79,Scattered Clouds,77,3,-260,212,17681,False,-110,-110
202110133,1,2021,1,9/9/2021 8:20:00 PM,DAL,TB,29,31,-9.0,52.5,7,9,10,3,0,7,14,7,3,0,24,79,82,Broken Clouds,79,9,341,-439,17682,False,-109,-113
202110102,1,2021,1,9/12/2021 1:00:00 PM,PHI,ATL,32,6,-3.5,48.5,7,8,7,10,0,3,3,0,0,0,45,70,73,Clear Sky,70,3,148,-178,17683,False,-112,-109
202110104,1,2021,1,9/12/2021 1:00:00 PM,PIT,BUF,23,16,-6.5,48.0,0,0,6,17,0,3,7,0,6,0,1,58,65,Light Rain,65,6,231,-282,17684,False,-109,-113
202110105,1,2021,1,9/12/2021 1:00:00 PM,NYJ,CAR,14,19,-4.0,45.0,0,0,8,6,0,0,16,0,3,0,26,68,69,Clear Sky,69,5,156,-188,17690,False,-108,-114
202110107,1,2021,1,9/12/2021 1:00:00 PM,MIN,CIN,24,27,3.0,47.5,0,7,7,10,0,0,14,7,3,3,5,70,73,Clear Sky,73,5,-153,128,17685,False,-109,-112
202110111,1,2021,1,9/12/2021 1:00:00 PM,SF,DET,41,33,9.5,46.0,7,24,7,3,0,0,10,7,16,0,21,66,69,Overcast Clouds,69,5,-428,331,17686,False,-110,-112
202110113,1,2021,1,9/12/2021 1:00:00 PM,JAX,HOU,21,37,3.5,45.5,0,7,7,7,0,14,13,7,3,0,11,75,78,Light Rain,78,8,-170,142,17691,False,-112,-109
202110114,1,2021,1,9/12/2021 1:00:00 PM,SEA,IND,28,16,3.0,48.5,7,14,0,7,0,3,7,0,6,0,9,69,72,Few Clouds,72,8,-155,129,17688,False,-110,-110
202110134,1,2021,1,9/12/2021 1:00:00 PM,ARI,TEN,38,13,-2.5,54.0,10,14,14,0,0,0,6,7,0,0,12,71,72,Clear Sky,71,4,123,-146,17687,False,-109,-113
202110135,1,2021,1,9/12/2021 1:00:00 PM,LAC,WAS,20,16,-2.0,45.5,7,6,0,7,0,3,6,7,0,0,19,70,73,Few Clouds,73,5,109,-129,17689,False,-110,-112
202110116,1,2021,1,9/12/2021 4:25:00 PM,CLE,KC,29,33,-5.5,54.5,8,14,0,7,0,3,7,10,13,0,15,75,75,Clear Sky,75,13,197,-240,17692,False,-109,-112
202110121,1,2021,1,9/12/2021 4:25:00 PM,MIA,NE,17,16,-3.5,43.5,7,3,7,0,0,0,10,3,3,0,4,67,69,Light Rain,69,5,153,-184,17693,False,-112,-110
202110122,1,2021,1,9/12/2021 4:25:00 PM,GB,NO,3,38,3.5,49.0,0,3,0,0,0,3,14,7,14,0,10,75,76,Scattered Clouds,75,4,-192,162,17694,False,-113,-108
202110123,1,2021,1,9/12/2021 4:25:00 PM,DEN,NYG,27,13,2.5,41.5,0,10,7,10,0,0,7,0,6,0,3,74,75,Broken Clouds,75,9,-142,120,17695,False,-110,-111
202110132,1,2021,1,9/12/2021 8:20:00 PM,CHI,LAR,14,34,-9.0,46.5,0,7,7,0,0,10,3,14,7,0,54,72,72,Clear Sky,72,4,326,-418,17696,False,-109,-112
202110125,1,2021,1,9/13/2021 8:15:00 PM,BAL,LV,27,33,3.5,50.0,7,7,3,10,0,0,10,0,17,6,53,88,92,Clear Sky,92,10,-177,147,17697,False,-114,-107
202110235,1,2021,2,9/16/2021 8:20:00 PM,NYG,WAS,29,30,-4.5,41.5,7,3,10,9,0,0,14,3,13,0,19,71,71,Overcast Clouds,71,6,170,-202,17698,False,-110,-112
202110205,1,2021,2,9/19/2021 1:00:00 PM,NO,CAR,7,26,3.0,44.5,0,0,0,7,0,7,10,0,9,0,26,71,71,Overcast Clouds,71,5,-153,130,17706,False,-110,-110
202110206,1,2021,2,9/19/2021 1:00:00 PM,CIN,CHI,17,20,-1.5,44.5,0,0,3,14,0,7,0,0,13,0,20,75,76,Overcast Clouds,76,11,106,-125,17699,False,-110,-112
202110208,1,2021,2,9/19/2021 1:00:00 PM,HOU,CLE,21,31,-13.5,48.0,7,7,0,7,0,7,7,10,7,0,6,69,69,Scattered Clouds,69,10,525,-741,17700,False,-110,-110
202110214,1,2021,2,9/19/2021 1:00:00 PM,LAR,IND,27,24,4.0,48.5,7,3,7,10,0,0,6,8,10,0,9,71,72,Light Rain,72,6,-201,169,17701,False,-108,-113
202110215,1,2021,2,9/19/2021 1:00:00 PM,DEN,JAX,23,13,6.0,45.5,3,7,10,3,0,7,0,0,6,0,10,76,76,Light Rain,76,2,-270,221,17707,False,-108,-113
202110219,1,2021,2,9/19/2021 1:00:00 PM,BUF,MIA,35,0,3.5,48.0,14,0,7,14,0,0,0,0,0,0,2,81,85,Light Rain,81,3,-187,156,17702,False,-108,-113
202110224,1,2021,2,9/19/2021 1:00:00 PM,NE,NYJ,25,6,5.5,43.0,10,3,9,3,0,0,3,0,3,0,3,63,65,Clear Sky,63,3,-237,195,17703,False,-113,-109
202110226,1,2021,2,9/19/2021 1:00:00 PM,SF,PHI,17,11,3.0,49.0,0,7,0,10,0,3,0,0,8,0,18,61,63,Clear Sky,61,3,-149,125,17704,False,-108,-111
202110228,1,2021,2,9/19/2021 1:00:00 PM,LV,PIT,26,17,-5.5,46.5,3,6,7,10,0,0,7,0,10,0,8,64,65,Scattered Clouds,65,4,187,-226,17705,False,-114,-108
202110201,1,2021,2,9/19/2021 4:05:00 PM,MIN,ARI,33,34,-3.5,50.5,14,9,7,3,0,7,17,7,3,0,29,89,90,Clear Sky,89,5,163,-194,17708,False,-113,-108
202110233,1,2021,2,9/19/2021 4:05:00 PM,ATL,TB,25,48,-13.0,52.0,0,10,15,0,0,7,14,7,20,0,24,79,81,Overcast Clouds,79,4,543,-756,17709,False,-110,-112
202110229,1,2021,2,9/19/2021 4:25:00 PM,DAL,LAC,20,17,-3.0,55.0,14,0,0,6,0,3,8,3,3,0,54,66,68,Clear Sky,66,4,133,-158,17710,False,-109,-113
202110230,1,2021,2,9/19/2021 4:25:00 PM,TEN,SEA,33,30,-6.5,54.0,3,6,7,14,3,3,21,0,6,0,31,52,55,Light Rain,55,4,225,-281,17711,False,-110,-112
202110203,1,2021,2,9/19/2021 8:20:00 PM,KC,BAL,35,36,4.0,53.5,14,7,14,0,0,7,10,7,12,0,7,64,66,Clear Sky,64,5,-196,160,17712,False,-110,-110
202110212,1,2021,2,9/20/2021 8:15:00 PM,DET,GB,17,35,-11.5,49.5,7,10,0,0,0,7,7,14,7,0,22,65,70,Heavy Intensity Rain,70,6,439,-591,17713,False,-109,-113
202110313,1,2021,3,9/23/2021 8:20:00 PM,CAR,HOU,24,9,8.5,43.0,7,0,7,10,0,0,6,0,3,0,11,68,69,Clear Sky,68,4,-402,317,17714,False,-110,-110
202110304,1,2021,3,9/26/2021 1:00:00 PM,WAS,BUF,21,43,-7.5,45.5,0,14,0,7,0,7,20,9,7,0,1,60,61,Light Rain,60,11,272,-340,17715,False,-110,-111
202110308,1,2021,3,9/26/2021 1:00:00 PM,CHI,CLE,6,26,-8.0,45.0,3,0,3,0,0,0,10,3,13,0,6,65,65,Few Clouds,65,15,286,-366,17716,False,-110,-110
202110311,1,2021,3,9/26/2021 1:00:00 PM,BAL,DET,19,17,7.5,50.5,0,10,6,3,0,0,0,7,10,0,21,64,66,Overcast Clouds,66,10,-387,304,17717,False,-110,-112
202110315,1,2021,3,9/26/2021 1:00:00 PM,ARI,JAX,31,19,8.0,51.0,7,0,17,7,0,0,13,6,0,0,10,70,72,Clear Sky,70,3,-385,304,17723,False,-114,-107
202110316,1,2021,3,9/26/2021 1:00:00 PM,LAC,KC,30,24,-7.0,54.0,0,14,0,16,0,0,3,14,7,0,15,76,77,Clear Sky,76,17,248,-305,17719,False,-114,-107
202110321,1,2021,3,9/26/2021 1:00:00 PM,NO,NE,28,13,-3.0,43.5,7,7,7,7,0,0,3,3,7,0,4,52,53,Clear Sky,53,5,128,-151,17720,False,-114,-108
202110323,1,2021,3,9/26/2021 1:00:00 PM,ATL,NYG,17,14,-2.5,47.0,0,7,0,10,0,3,3,0,8,0,3,62,62,Clear Sky,62,8,123,-144,17721,False,-112,-109
202110328,1,2021,3,9/26/2021 1:00:00 PM,CIN,PIT,24,10,-2.5,42.0,7,7,10,0,0,0,7,0,3,0,8,57,58,Scattered Clouds,58,7,117,-137,17722,False,-110,-110
202110334,1,2021,3,9/26/2021 1:00:00 PM,IND,TEN,16,25,-4.5,47.0,0,10,3,3,0,7,7,0,11,0,12,61,64,Clear Sky,61,4,179,-218,17718,False,-112,-110
202110310,1,2021,3,9/26/2021 4:05:00 PM,NYJ,DEN,0,26,-10.0,41.5,0,0,0,0,0,7,10,3,6,0,13,70,73,Overcast Clouds,70,5,434,-585,17724,False,-113,-109
202110325,1,2021,3,9/26/2021 4:05:00 PM,MIA,LV,28,31,-3.5,45.0,14,0,0,11,3,2,10,7,6,6,53,80,83,Clear Sky,83,6,151,-180,17725,False,-110,-110
202110332,1,2021,3,9/26/2021 4:25:00 PM,TB,LAR,24,34,0.5,55.0,0,7,10,7,0,0,14,17,3,0,54,64,64,Broken Clouds,64,5,-112,-107,17726,False,-110,-112
202110320,1,2021,3,9/26/2021 4:25:00 PM,SEA,MIN,17,30,2.0,54.0,10,7,0,0,0,7,14,3,6,0,42,64,66,Clear Sky,64,3,-127,107,17727,False,-110,-110
202110331,1,2021,3,9/26/2021 8:20:00 PM,GB,SF,30,28,-3.5,50.5,10,7,0,13,0,0,7,7,14,0,37,59,59,Scattered Clouds,59,3,148,-176,17728,False,-109,-112
202110309,1,2021,3,9/27/2021 8:15:00 PM,PHI,DAL,21,41,-3.5,51.5,7,0,7,7,0,14,6,7,14,0,17,76,78,Few Clouds,76,6,154,-185,17729,False,-109,-113
202110407,1,2021,4,9/30/2021 8:20:00 PM,JAX,CIN,21,24,-7.0,46.0,7,7,0,7,0,0,0,14,10,0,5,58,61,Scattered Clouds,61,4,270,-342,17730,False,-112,-109
202110402,1,2021,4,10/3/2021 1:00:00 PM,WAS,ATL,34,30,2.0,47.5,0,13,9,12,0,3,14,6,7,0,45,65,67,Light Rain,67,4,-127,107,17731,False,-108,-114
202110404,1,2021,4,10/3/2021 1:00:00 PM,HOU,BUF,0,40,-18.0,47.0,0,0,0,0,0,7,9,3,21,0,1,63,65,Light Rain,65,4,937,-1703,17732,False,-110,-110
202110406,1,2021,4,10/3/2021 1:00:00 PM,DET,CHI,14,24,-2.5,41.5,0,0,7,7,0,7,7,10,0,0,20,65,65,Broken Clouds,65,9,127,-150,17733,False,-110,-110
202110409,1,2021,4,10/3/2021 1:00:00 PM,CAR,DAL,28,36,-4.0,51.5,7,7,0,14,0,7,6,20,3,0,17,72,76,Few Clouds,72,3,173,-207,17734,False,-110,-110
202110419,1,2021,4,10/3/2021 1:00:00 PM,IND,MIA,27,17,-3.0,41.5,0,7,10,10,0,3,0,0,14,0,2,79,80,Scattered Clouds,79,9,122,-146,17735,False,-113,-108
202110420,1,2021,4,10/3/2021 1:00:00 PM,CLE,MIN,14,7,0.5,51.5,0,11,0,3,0,7,0,0,0,0,42,57,60,Clear Sky,57,3,-112,-107,17736,False,-108,-113
202110422,1,2021,4,10/3/2021 1:00:00 PM,NYG,NO,27,21,-7.0,42.5,0,7,3,11,6,0,7,7,7,0,27,74,76,Light Rain,76,4,270,-338,17737,False,-113,-109
202110424,1,2021,4,10/3/2021 1:00:00 PM,TEN,NYJ,24,27,5.5,44.5,3,6,0,15,0,0,7,3,14,3,3,69,69,Light Rain,69,2,-267,215,17738,False,-108,-114
202110426,1,2021,4,10/3/2021 1:00:00 PM,KC,PHI,42,30,7.0,53.5,7,14,7,14,0,10,3,3,14,0,18,68,69,Light Rain,69,4,-357,278,17739,False,-114,-108
202110432,1,2021,4,10/3/2021 4:05:00 PM,ARI,LAR,37,20,-3.5,54.0,7,17,10,3,0,10,3,0,7,0,54,74,75,Scattered Clouds,74,3,172,-206,17740,False,-112,-110
202110431,1,2021,4,10/3/2021 4:05:00 PM,SEA,SF,28,21,-2.5,52.0,0,7,14,7,0,7,0,6,8,0,37,71,72,Scattered Clouds,72,0,115,-137,17741,False,-110,-110
202110410,1,2021,4,10/3/2021 4:25:00 PM,BAL,DEN,23,7,-1.0,44.0,0,17,0,6,0,0,7,0,0,0,13,61,65,Clear Sky,61,2,-101,-119,17742,False,-113,-109
202110412,1,2021,4,10/3/2021 4:25:00 PM,PIT,GB,17,27,-6.0,45.5,7,3,0,7,0,0,17,10,0,0,22,62,63,Overcast Clouds,63,5,215,-266,17743,False,-107,-114
202110421,1,2021,4,10/3/2021 8:20:00 PM,TB,NE,19,17,6.5,49.5,3,3,7,6,0,0,7,0,10,0,4,58,58,Moderate Rain,58,6,-289,234,17744,False,-110,-111
202110429,1,2021,4,10/4/2021 8:15:00 PM,LV,LAC,14,28,-3.5,52.0,0,0,14,0,0,7,14,0,7,0,54,70,71,Light Rain,71,3,143,-170,17745,False,-112,-109
202110530,1,2021,5,10/7/2021 8:20:00 PM,LAR,SEA,26,17,2.5,53.0,0,3,13,10,0,0,7,0,10,0,31,45,46,Scattered Clouds,46,2,-145,124,17746,False,-112,-109
202110502,1,2021,5,10/10/2021 9:30:00 AM,NYJ,ATL,20,27,-2.5,45.0,0,3,6,11,0,10,10,0,7,0,47,47,49,Overcast Clouds,45,6,122,-144,17747,True,-112,-109
202110505,1,2021,5,10/10/2021 1:00:00 PM,PHI,CAR,21,18,-2.5,46.0,3,3,7,8,0,10,5,0,3,0,26,63,63,Clear Sky,63,6,119,-141,17753,False,-110,-112
202110507,1,2021,5,10/10/2021 1:00:00 PM,GB,CIN,25,22,2.5,50.5,0,16,3,3,3,7,7,0,8,0,5,66,69,Clear Sky,69,4,-137,115,17748,False,-113,-108
202110513,1,2021,5,10/10/2021 1:00:00 PM,NE,HOU,25,22,8.0,39.0,0,9,6,10,0,6,9,7,0,0,11,79,80,Broken Clouds,80,11,-377,296,17755,False,-112,-110
202110515,1,2021,5,10/10/2021 1:00:00 PM,TEN,JAX,37,19,5.0,48.5,7,17,7,6,0,6,7,0,6,0,10,71,72,Clear Sky,71,3,-201,168,17754,False,-113,-109
202110520,1,2021,5,10/10/2021 1:00:00 PM,DET,MIN,17,19,-10.0,49.5,3,3,0,11,0,3,10,0,6,0,42,56,56,Scattered Clouds,56,8,334,-429,17749,False,-110,-112
202110528,1,2021,5,10/10/2021 1:00:00 PM,DEN,PIT,19,27,2.0,39.5,3,3,0,13,0,7,10,7,3,0,8,61,62,Broken Clouds,62,5,-127,107,17750,False,-110,-112
202110533,1,2021,5,10/10/2021 1:00:00 PM,MIA,TB,17,45,-11.0,48.0,10,0,7,0,0,7,17,0,21,0,24,74,75,Broken Clouds,75,9,432,-586,17751,False,-109,-113
202110535,1,2021,5,10/10/2021 1:00:00 PM,NO,WAS,33,22,2.5,43.5,7,13,0,13,0,6,7,3,6,0,19,64,64,Overcast Clouds,64,8,-141,119,17752,False,-109,-113
202110529,1,2021,5,10/10/2021 4:05:00 PM,CLE,LAC,42,47,-2.5,47.0,3,17,7,15,0,7,6,8,26,0,54,66,68,Clear Sky,66,3,114,-135,17757,False,-110,-110
202110525,1,2021,5,10/10/2021 4:05:00 PM,CHI,LV,20,9,-5.0,46.0,0,14,0,6,0,3,0,0,6,0,53,66,66,Clear Sky,66,3,202,-246,17756,False,-108,-113
202110501,1,2021,5,10/10/2021 4:25:00 PM,SF,ARI,10,17,-5.5,48.5,0,0,7,3,0,7,3,0,7,0,29,73,77,Clear Sky,73,3,199,-243,17759,False,-110,-112
202110509,1,2021,5,10/10/2021 4:25:00 PM,NYG,DAL,20,44,-7.0,52.5,0,10,3,7,0,3,14,10,17,0,17,70,75,Moderate Rain,70,17,253,-317,17758,False,-110,-112
202110516,1,2021,5,10/10/2021 8:20:00 PM,BUF,KC,38,20,-2.5,56.5,7,17,7,7,0,3,10,0,7,0,15,59,59,Moderate Rain,59,12,124,-147,17760,False,-110,-110
202110503,1,2021,5,10/11/2021 8:15:00 PM,IND,BAL,25,31,-7.5,46.5,7,3,12,3,0,0,3,6,16,6,7,64,65,Overcast Clouds,65,6,278,-349,17761,False,-109,-113
202110626,1,2021,6,10/14/2021 8:20:00 PM,TB,PHI,28,22,7.0,52.5,14,7,7,0,0,7,0,7,8,0,18,63,66,Broken Clouds,63,3,-305,247,17762,False,-113,-108
202110615,1,2021,6,10/17/2021 9:30:00 AM,MIA,JAX,20,23,1.5,47.0,7,6,0,7,0,3,7,7,6,0,47,50,52,Overcast Clouds,50,5,-128,109,17763,True,-115,-106
202110603,1,2021,6,10/17/2021 1:00:00 PM,LAC,BAL,6,34,-3.0,51.0,0,6,0,0,0,7,10,10,7,0,7,51,53,Clear Sky,51,10,135,-160,17770,False,-112,-110
202110605,1,2021,6,10/17/2021 1:00:00 PM,MIN,CAR,34,28,2.0,45.5,6,6,13,3,6,7,3,7,11,0,26,49,51,Clear Sky,48,4,-132,112,17769,False,-112,-110
202110606,1,2021,6,10/17/2021 1:00:00 PM,GB,CHI,24,14,5.5,44.0,0,10,7,7,0,7,0,0,7,0,20,53,57,Clear Sky,53,7,-223,181,17764,False,-110,-110
202110611,1,2021,6,10/17/2021 1:00:00 PM,CIN,DET,34,11,3.5,46.5,7,3,10,14,0,0,0,0,11,0,21,50,52,Clear Sky,50,9,-190,159,17765,False,-110,-110
202110614,1,2021,6,10/17/2021 1:00:00 PM,HOU,IND,3,31,-11.5,44.5,0,3,0,0,0,7,3,14,7,0,9,49,52,Few Clouds,48,4,420,-565,17766,False,-110,-110
202110623,1,2021,6,10/17/2021 1:00:00 PM,LAR,NYG,38,11,7.5,49.0,0,28,3,7,0,3,0,0,8,0,3,52,53,Few Clouds,52,10,-384,300,17767,False,-113,-109
202110635,1,2021,6,10/17/2021 1:00:00 PM,KC,WAS,31,13,6.5,54.0,7,3,7,14,0,3,10,0,0,0,19,49,50,Scattered Clouds,47,6,-291,236,17768,False,-112,-110
202110608,1,2021,6,10/17/2021 4:05:00 PM,ARI,CLE,37,14,-3.0,48.5,7,16,7,7,0,0,14,0,0,0,6,55,57,Broken Clouds,55,16,131,-156,17771,False,-109,-112
202110610,1,2021,6,10/17/2021 4:25:00 PM,LV,DEN,34,24,-5.0,45.0,10,7,14,3,0,7,0,3,14,0,13,56,59,Few Clouds,56,3,175,-209,17772,False,-110,-112
202110621,1,2021,6,10/17/2021 4:25:00 PM,DAL,NE,35,29,3.5,50.5,7,3,7,12,6,14,0,0,15,0,4,48,49,Scattered Clouds,45,8,-194,162,17773,False,-110,-110
202110628,1,2021,6,10/17/2021 8:20:00 PM,SEA,PIT,20,23,-5.5,42.5,0,0,14,6,0,0,14,3,3,3,8,47,49,Few Clouds,43,8,184,-224,17774,False,-115,-106
202110634,1,2021,6,10/18/2021 8:15:00 PM,BUF,TEN,31,34,6.0,53.5,3,17,11,0,0,0,17,7,10,0,12,53,56,Clear Sky,53,3,-269,220,17775,False,-110,-110
202110708,1,2021,7,10/21/2021 8:20:00 PM,DEN,CLE,14,17,-1.5,40.5,0,0,7,7,0,10,0,7,0,0,6,54,55,Light Rain,54,8,106,-125,17776,False,-108,-113
202110703,1,2021,7,10/24/2021 1:00:00 PM,CIN,BAL,41,17,-6.5,45.5,3,10,14,14,0,0,10,7,0,0,7,62,63,Broken Clouds,62,11,223,-276,17782,False,-110,-110
202110712,1,2021,7,10/24/2021 1:00:00 PM,WAS,GB,10,24,-8.5,48.0,7,0,0,3,0,7,7,7,3,0,22,47,47,Scattered Clouds,39,19,328,-427,17777,False,-109,-113
202110719,1,2021,7,10/24/2021 1:00:00 PM,ATL,MIA,30,28,1.5,48.0,0,13,7,10,0,7,0,7,14,0,2,80,82,Light Rain,80,6,-127,106,17779,False,-110,-110
202110721,1,2021,7,10/24/2021 1:00:00 PM,NYJ,NE,13,54,-7.0,42.5,0,7,6,0,0,14,17,3,20,0,4,47,48,Light Rain,48,2,262,-330,17780,False,-113,-109
202110723,1,2021,7,10/24/2021 1:00:00 PM,CAR,NYG,3,25,3.0,43.0,3,0,0,0,0,0,5,7,13,0,3,57,61,Light Rain,57,8,-152,129,17781,False,-109,-113
202110734,1,2021,7,10/24/2021 1:00:00 PM,KC,TEN,3,27,4.0,58.5,0,0,3,0,0,14,13,0,0,0,12,64,65,Clear Sky,65,14,-200,167,17778,False,-107,-114
202110732,1,2021,7,10/24/2021 4:05:00 PM,DET,LAR,19,28,-16.5,50.5,10,6,3,0,0,3,14,0,11,0,54,62,62,Broken Clouds,62,5,786,-1253,17784,False,-110,-111
202110725,1,2021,7,10/24/2021 4:05:00 PM,PHI,LV,22,33,-0.5,48.0,7,0,0,15,0,0,17,13,3,0,53,67,70,Broken Clouds,70,7,-107,-113,17783,False,-112,-110
202110701,1,2021,7,10/24/2021 4:25:00 PM,HOU,ARI,5,31,-19.5,47.5,2,3,0,0,0,0,17,7,7,0,29,74,77,Clear Sky,74,4,1125,-2228,17785,False,-110,-112
202110733,1,2021,7,10/24/2021 4:25:00 PM,CHI,TB,3,38,-12.0,47.0,0,3,0,0,0,21,14,0,3,0,24,74,75,Light Rain,74,10,477,-652,17786,False,-111,-110
202110731,1,2021,7,10/24/2021 8:20:00 PM,IND,SF,30,18,-3.5,41.5,7,6,7,10,0,12,0,0,6,0,37,59,60,Heavy Intensity Rain,59,5,145,-176,17787,False,-110,-110
202110730,1,2021,7,10/25/2021 8:15:00 PM,NO,SEA,13,10,5.5,41.5,0,10,0,3,0,7,0,3,0,0,31,51,51,Light Rain,51,14,-230,191,17788,False,-110,-110
202110801,1,2021,8,10/28/2021 8:20:00 PM,GB,ARI,24,21,-6.0,50.5,0,10,7,7,0,7,0,7,7,0,29,74,76,Clear Sky,74,6,223,-274,17789,False,-110,-110
202110802,1,2021,8,10/31/2021 1:00:00 PM,CAR,ATL,19,13,-1.5,47.0,3,6,3,7,0,3,7,0,3,0,45,51,53,Clear Sky,51,7,107,-128,17790,False,-107,-114
202110804,1,2021,8,10/31/2021 1:00:00 PM,MIA,BUF,11,26,-14.5,48.5,0,3,0,8,0,3,0,7,16,0,1,46,50,Light Rain,50,16,655,-1010,17791,False,-109,-113
202110806,1,2021,8,10/31/2021 1:00:00 PM,SF,CHI,33,22,4.0,40.0,3,6,6,18,0,3,10,3,6,0,20,42,45,Clear Sky,36,12,-206,172,17792,False,-108,-113
202110808,1,2021,8,10/31/2021 1:00:00 PM,PIT,CLE,15,10,-5.5,43.0,0,3,6,6,0,3,0,7,0,0,6,50,50,Overcast Clouds,44,18,179,-218,17793,False,-110,-110
202110811,1,2021,8,10/31/2021 1:00:00 PM,PHI,DET,44,6,3.5,48.5,7,10,21,6,0,0,0,0,6,0,21,45,46,Scattered Clouds,40,9,-174,147,17794,False,-108,-113
202110813,1,2021,8,10/31/2021 1:00:00 PM,LAR,HOU,38,22,16.5,47.0,7,17,14,0,0,0,0,0,22,0,11,63,65,Clear Sky,63,4,-1307,803,17797,False,-110,-110
202110814,1,2021,8,10/31/2021 1:00:00 PM,TEN,IND,34,31,-3.0,51.0,0,14,7,10,3,14,3,7,7,0,9,44,45,Clear Sky,40,7,131,-155,17795,False,-110,-110
202110824,1,2021,8,10/31/2021 1:00:00 PM,CIN,NYJ,31,34,11.5,43.0,0,17,7,7,0,7,7,3,17,0,3,55,55,Few Clouds,55,8,-568,420,17796,False,-109,-112
202110829,1,2021,8,10/31/2021 4:05:00 PM,NE,LAC,27,24,-4.0,50.5,7,6,3,11,0,7,7,3,7,0,54,60,62,Overcast Clouds,60,5,155,-186,17798,False,-109,-113
202110830,1,2021,8,10/31/2021 4:05:00 PM,JAX,SEA,7,31,-4.0,44.0,0,0,0,7,0,7,10,7,7,0,31,44,44,Clear Sky,44,2,164,-195,17799,False,-114,-107
202110810,1,2021,8,10/31/2021 4:25:00 PM,WAS,DEN,10,17,-4.0,45.0,0,3,7,0,0,0,10,0,7,0,13,41,42,Overcast Clouds,41,2,159,-191,17800,False,-108,-113
202110822,1,2021,8,10/31/2021 4:25:00 PM,TB,NO,27,36,4.0,48.5,7,0,14,6,0,7,9,7,13,0,27,63,63,Clear Sky,63,5,-199,167,17801,False,-108,-113
202110820,1,2021,8,10/31/2021 8:20:00 PM,DAL,MIN,20,16,-4.5,49.5,0,3,10,7,0,7,3,3,3,0,42,37,38,Clear Sky,31,8,179,-215,17802,False,-108,-113
202110816,1,2021,8,11/1/2021 8:15:00 PM,NYG,KC,17,20,-10.5,53.0,0,10,0,7,0,7,7,0,6,0,15,38,39,Overcast Clouds,36,3,396,-516,17803,False,-110,-110
202110914,1,2021,9,11/4/2021 8:20:00 PM,NYJ,IND,30,45,-10.0,45.0,7,3,6,14,0,7,21,14,3,0,9,35,39,Clear Sky,32,3,391,-514,17804,False,-110,-110
202110903,1,2021,9,11/7/2021 1:00:00 PM,MIN,BAL,31,34,-7.0,51.0,7,10,7,7,0,3,7,7,14,3,7,45,48,Few Clouds,40,9,253,-316,17812,False,-112,-110
202110905,1,2021,9,11/7/2021 1:00:00 PM,NE,CAR,24,6,3.5,42.0,0,14,10,0,0,0,6,0,0,0,26,43,47,Clear Sky,39,6,-180,151,17810,False,-108,-113
202110907,1,2021,9,11/7/2021 1:00:00 PM,CLE,CIN,41,16,-2.0,47.5,7,17,10,7,0,7,3,0,6,0,5,45,46,Clear Sky,43,4,107,-128,17805,False,-112,-110
202110909,1,2021,9,11/7/2021 1:00:00 PM,DEN,DAL,30,16,-10.0,50.0,6,10,3,11,0,0,0,0,16,0,17,58,60,Clear Sky,58,9,365,-478,17806,False,-109,-113
202110915,1,2021,9,11/7/2021 1:00:00 PM,BUF,JAX,6,9,16.0,48.5,3,3,0,0,0,3,3,0,3,0,10,52,52,Clear Sky,52,6,-1201,730,17811,False,-110,-110
202110919,1,2021,9,11/7/2021 1:00:00 PM,HOU,MIA,9,17,-4.0,45.0,0,6,0,3,0,7,10,0,0,0,2,62,65,Clear Sky,62,11,168,-200,17807,False,-109,-113
202110922,1,2021,9,11/7/2021 1:00:00 PM,ATL,NO,27,25,-6.5,43.0,3,7,7,10,0,0,0,3,22,0,27,57,57,Clear Sky,57,5,225,-277,17808,False,-110,-112
202110923,1,2021,9,11/7/2021 1:00:00 PM,LV,NYG,16,23,3.0,47.0,7,6,3,0,0,7,3,7,6,0,3,45,48,Clear Sky,42,6,-151,127,17809,False,-110,-110
202110926,1,2021,9,11/7/2021 4:05:00 PM,LAC,PHI,27,24,0.5,49.5,7,0,9,11,0,0,10,7,7,0,18,44,47,Broken Clouds,40,7,-112,-106,17813,False,-110,-112
202110916,1,2021,9,11/7/2021 4:25:00 PM,GB,KC,7,13,-7.0,48.0,0,0,0,7,0,7,6,0,0,0,15,56,58,Clear Sky,58,13,263,-333,17814,False,-110,-110
202110931,1,2021,9,11/7/2021 4:25:00 PM,ARI,SF,31,17,-5.5,44.5,14,3,14,0,0,0,7,7,3,0,37,50,52,Few Clouds,50,2,202,-246,17815,False,-110,-112
202110932,1,2021,9,11/7/2021 8:20:00 PM,TEN,LAR,28,16,-7.0,53.0,0,21,0,7,0,3,0,3,10,0,54,56,60,Overcast Clouds,56,3,275,-344,17816,False,-110,-112
202110928,1,2021,9,11/8/2021 8:15:00 PM,CHI,PIT,27,29,-7.0,40.0,0,3,3,21,0,7,7,6,9,0,8,48,49,Clear Sky,45,6,245,-303,17817,False,-110,-110
202111019,1,2021,10,11/11/2021 8:20:00 PM,BAL,MIA,10,22,8.5,46.0,3,0,0,7,0,0,6,0,16,0,2,77,77,Light Rain,77,8,-413,326,17818,False,-110,-110
202111009,1,2021,10,11/14/2021 1:00:00 PM,ATL,DAL,3,43,-8.0,55.0,3,0,0,0,0,7,29,7,0,0,17,52,58,Clear Sky,52,4,298,-378,17819,False,-109,-112
202111014,1,2021,10,11/14/2021 1:00:00 PM,JAX,IND,17,23,-10.0,48.0,6,3,0,8,0,17,3,0,3,0,9,32,34,Broken Clouds,25,11,363,-472,17821,False,-110,-112
202111021,1,2021,10,11/14/2021 1:00:00 PM,CLE,NE,7,45,-2.5,45.0,7,0,0,0,0,7,17,7,14,0,4,42,43,Light Rain,38,6,115,-136,17822,False,-109,-112
202111024,1,2021,10,11/14/2021 1:00:00 PM,BUF,NYJ,45,17,12.5,48.0,10,7,21,7,0,0,3,0,14,0,3,41,44,Light Rain,37,7,-731,513,17823,False,-109,-113
202111028,1,2021,10,11/14/2021 1:00:00 PM,DET,PIT,16,16,-5.5,40.5,0,10,6,0,0,7,3,3,3,0,8,33,36,Light Snow,28,12,195,-238,17824,False,-110,-112
202111034,1,2021,10,11/14/2021 1:00:00 PM,NO,TEN,21,23,-2.5,43.0,0,6,6,9,0,3,10,7,3,0,12,40,42,Clear Sky,40,4,124,-147,17820,False,-110,-110
202111035,1,2021,10,11/14/2021 1:00:00 PM,TB,WAS,19,29,9.5,50.5,0,6,7,6,0,6,10,7,6,0,19,42,43,Clear Sky,38,7,-444,344,17825,False,-112,-110
202111001,1,2021,10,11/14/2021 4:05:00 PM,CAR,ARI,34,10,-7.0,41.5,17,6,8,3,0,0,0,3,7,0,29,68,74,Clear Sky,68,4,246,-305,17826,False,-110,-110
202111029,1,2021,10,11/14/2021 4:05:00 PM,MIN,LAC,27,20,-3.5,53.5,0,13,7,7,0,0,10,7,3,0,54,70,72,Clear Sky,70,4,152,-180,17827,False,-112,-110
202111010,1,2021,10,11/14/2021 4:25:00 PM,PHI,DEN,30,13,0.0,44.5,10,10,7,3,0,0,10,3,0,0,13,55,58,Clear Sky,58,7,-110,-109,17828,False,-110,-110
202111012,1,2021,10,11/14/2021 4:25:00 PM,SEA,GB,0,17,-3.5,49.0,0,0,0,0,0,0,3,0,14,0,22,24,30,Few Clouds,21,10,144,-169,17829,False,-110,-112
202111025,1,2021,10,11/14/2021 8:20:00 PM,KC,LV,41,14,3.0,53.5,7,10,10,14,0,0,7,7,0,0,53,63,63,Clear Sky,63,1,-148,125,17830,False,-110,-112
202111031,1,2021,10,11/15/2021 8:15:00 PM,LAR,SF,10,31,3.5,50.5,0,7,0,3,0,14,7,3,7,0,37,56,60,Overcast Clouds,56,3,-183,153,17831,False,-108,-113
202111102,1,2021,11,11/18/2021 8:20:00 PM,NE,ATL,25,0,6.5,47.0,3,10,0,12,0,0,0,0,0,0,45,45,46,Clear Sky,39,12,-297,238,17832,False,-113,-108
202111104,1,2021,11,11/21/2021 1:00:00 PM,IND,BUF,41,15,-7.0,49.5,14,10,14,3,0,0,7,0,8,0,1,44,44,Light Rain,36,21,247,-309,17833,False,-110,-112
202111105,1,2021,11,11/21/2021 1:00:00 PM,WAS,CAR,27,21,-3.0,43.0,0,14,7,6,0,7,7,0,7,0,26,51,52,Overcast Clouds,51,6,147,-176,17840,False,-112,-110
202111106,1,2021,11,11/21/2021 1:00:00 PM,BAL,CHI,16,13,1.5,41.0,0,6,0,10,0,0,0,7,6,0,20,31,32,Few Clouds,22,14,-123,103,17834,False,-105,-118
202111108,1,2021,11,11/21/2021 1:00:00 PM,DET,CLE,10,13,-13.0,42.0,0,0,7,3,0,0,13,0,0,0,6,41,44,Light Rain,35,23,487,-671,17835,False,-113,-109
202111115,1,2021,11,11/21/2021 1:00:00 PM,SF,JAX,30,10,6.5,45.5,3,17,7,3,0,0,3,0,7,0,10,63,66,Broken Clouds,63,1,-287,233,17841,False,-110,-112
202111120,1,2021,11,11/21/2021 1:00:00 PM,GB,MIN,31,34,2.0,47.5,3,7,7,14,0,9,7,7,11,0,42,20,23,Clear Sky,9,11,-126,106,17837,False,-113,-109
202111124,1,2021,11,11/21/2021 1:00:00 PM,MIA,NYJ,24,17,4.0,44.5,7,0,7,10,0,7,0,7,3,0,3,52,53,Broken Clouds,53,9,-194,161,17838,False,-113,-109
202111126,1,2021,11,11/21/2021 1:00:00 PM,NO,PHI,29,40,-3.0,42.5,0,7,0,22,0,14,13,6,7,0,18,51,52,Overcast Clouds,51,8,129,-154,17839,False,-108,-113
202111134,1,2021,11,11/21/2021 1:00:00 PM,HOU,TEN,22,13,-10.0,45.0,3,9,7,3,0,0,0,6,7,0,12,51,52,Light Rain,52,7,362,-470,17836,False,-112,-109
202111125,1,2021,11,11/21/2021 4:05:00 PM,CIN,LV,32,13,1.5,50.5,3,7,3,19,0,3,3,0,7,0,53,54,57,Clear Sky,57,4,-128,108,17842,False,-111,-110
202111116,1,2021,11,11/21/2021 4:25:00 PM,DAL,KC,9,19,-2.5,56.0,3,0,3,3,0,9,7,3,0,0,15,35,37,Clear Sky,32,6,119,-141,17843,False,-109,-112
202111130,1,2021,11,11/21/2021 4:25:00 PM,ARI,SEA,23,13,-4.5,45.0,7,6,3,7,0,0,6,0,7,0,31,39,41,Broken Clouds,39,1,173,-208,17844,False,-110,-112
202111129,1,2021,11,11/21/2021 8:20:00 PM,PIT,LAC,37,41,-6.5,47.5,3,7,0,27,0,7,10,10,14,0,54,68,70,Clear Sky,70,6,226,-275,17845,False,-113,-109
202111133,1,2021,11,11/22/2021 8:15:00 PM,NYG,TB,10,30,-11.0,49.5,3,7,0,0,0,7,10,10,3,0,24,65,65,Scattered Clouds,65,9,405,-541,17846,False,-110,-110
202111211,1,2021,12,11/25/2021 12:30:00 PM,CHI,DET,16,14,2.5,41.5,0,13,0,3,0,7,0,7,0,0,21,32,33,Overcast Clouds,23,14,-147,123,17847,False,-113,-109
202111209,1,2021,12,11/25/2021 4:30:00 PM,LV,DAL,36,33,-7.0,50.5,14,3,10,6,3,6,7,6,14,0,17,44,48,Clear Sky,38,9,263,-330,17848,False,-110,-112
202111222,1,2021,12,11/25/2021 8:20:00 PM,BUF,NO,31,6,6.5,45.0,7,3,14,7,0,0,0,0,6,0,27,64,66,Light Rain,66,8,-297,240,17849,False,-110,-112
202111207,1,2021,12,11/28/2021 1:00:00 PM,PIT,CIN,10,41,-4.0,43.5,3,0,0,7,0,10,21,3,7,0,5,31,31,Scattered Clouds,24,6,158,-188,17850,False,-112,-109
202111213,1,2021,12,11/28/2021 1:00:00 PM,NYJ,HOU,21,14,-2.5,44.5,3,8,7,3,0,0,14,0,0,0,11,52,55,Clear Sky,52,4,122,-144,17856,False,-109,-113
202111214,1,2021,12,11/28/2021 1:00:00 PM,TB,IND,38,31,3.0,53.5,0,14,14,10,0,3,21,0,7,0,9,28,32,Clear Sky,21,6,-153,130,17851,False,-108,-113
202111215,1,2021,12,11/28/2021 1:00:00 PM,ATL,JAX,21,14,2.0,46.0,7,7,7,0,0,0,3,8,3,0,10,53,55,Overcast Clouds,53,7,-124,105,17855,False,-110,-110
202111219,1,2021,12,11/28/2021 1:00:00 PM,CAR,MIA,10,33,1.0,41.0,7,3,0,0,0,7,14,6,6,0,2,61,70,Scattered Clouds,61,6,-117,-102,17852,False,-110,-112
202111221,1,2021,12,11/28/2021 1:00:00 PM,TEN,NE,13,36,-7.0,43.0,0,13,0,0,0,7,9,10,10,0,4,32,34,Overcast Clouds,34,0,253,-315,17853,False,-112,-109
202111223,1,2021,12,11/28/2021 1:00:00 PM,PHI,NYG,7,13,4.0,45.0,0,0,0,7,0,3,0,7,3,0,3,35,40,Overcast Clouds,29,7,-197,165,17854,False,-112,-109
202111210,1,2021,12,11/28/2021 4:05:00 PM,LAC,DEN,13,28,3.0,47.5,0,7,0,6,0,7,7,0,14,0,13,51,54,Clear Sky,54,6,-147,125,17857,False,-107,-114
202111212,1,2021,12,11/28/2021 4:25:00 PM,LAR,GB,28,36,1.5,46.5,0,17,0,11,0,7,13,16,0,0,22,22,24,Broken Clouds,17,3,-123,104,17858,False,-114,-108
202111231,1,2021,12,11/28/2021 4:25:00 PM,MIN,SF,26,34,-4.0,48.5,7,7,12,0,0,7,7,20,0,0,37,54,60,Clear Sky,54,1,171,-203,17859,False,-112,-109
202111203,1,2021,12,11/28/2021 8:20:00 PM,CLE,BAL,10,16,-3.0,47.0,0,3,7,0,0,3,3,7,3,0,7,40,45,Overcast Clouds,39,12,136,-161,17860,False,-110,-112
202111235,1,2021,12,11/29/2021 8:15:00 PM,SEA,WAS,15,17,2.0,47.0,7,2,0,6,0,3,6,8,0,0,19,31,34,Clear Sky,27,4,-128,107,17861,False,-109,-112
202111322,1,2021,13,12/2/2021 8:20:00 PM,DAL,NO,27,17,6.0,46.0,7,6,7,7,0,0,7,3,7,0,27,60,62,Scattered Clouds,60,5,-262,218,17862,False,-109,-112
202111302,1,2021,13,12/5/2021 1:00:00 PM,TB,ATL,30,17,11.0,50.5,13,7,7,3,0,7,10,0,0,0,45,56,59,Overcast Clouds,56,7,-537,406,17863,False,-112,-110
202111306,1,2021,13,12/5/2021 1:00:00 PM,ARI,CHI,33,22,8.0,43.0,14,7,3,9,0,0,7,7,8,0,20,39,41,Light Rain,31,12,-377,290,17864,False,-112,-109
202111307,1,2021,13,12/5/2021 1:00:00 PM,LAC,CIN,41,22,-3.0,50.0,16,8,0,17,0,0,13,9,0,0,5,60,60,Light Rain,60,14,126,-148,17865,False,-109,-112
202111311,1,2021,13,12/5/2021 1:00:00 PM,MIN,DET,27,29,7.0,47.0,6,0,9,12,0,0,20,3,6,0,21,43,48,Light Rain,37,11,-311,251,17866,False,-114,-106
202111313,1,2021,13,12/5/2021 1:00:00 PM,IND,HOU,31,0,10.0,45.0,7,7,7,10,0,0,0,0,0,0,11,72,74,Overcast Clouds,74,11,-462,352,17870,False,-110,-110
202111319,1,2021,13,12/5/2021 1:00:00 PM,NYG,MIA,9,20,-6.5,40.0,0,3,3,3,0,0,10,0,10,0,2,72,75,Scattered Clouds,72,4,222,-275,17868,False,-109,-112
202111324,1,2021,13,12/5/2021 1:00:00 PM,PHI,NYJ,33,18,5.5,44.0,7,17,3,6,0,12,6,0,0,0,3,47,48,Overcast Clouds,44,7,-210,174,17869,False,-113,-109
202111332,1,2021,13,12/5/2021 4:05:00 PM,JAX,LAR,7,37,-14.0,48.0,0,7,0,0,0,10,6,14,7,0,54,58,60,Clear Sky,58,1,556,-794,17872,False,-109,-113
202111325,1,2021,13,12/5/2021 4:05:00 PM,WAS,LV,17,15,-2.0,47.5,7,0,0,10,0,0,3,3,9,0,53,59,60,Few Clouds,60,5,111,-134,17871,False,-109,-112
202111328,1,2021,13,12/5/2021 4:25:00 PM,BAL,PIT,19,20,4.0,44.0,0,7,3,9,0,0,3,0,17,0,8,52,55,Light Rain,55,13,-200,168,17873,False,-111,-111
202111330,1,2021,13,12/5/2021 4:25:00 PM,SF,SEA,23,30,2.5,44.5,14,9,0,0,0,7,14,9,0,0,31,37,38,Broken Clouds,37,2,-140,119,17874,False,-110,-112
202111316,1,2021,13,12/5/2021 8:20:00 PM,DEN,KC,9,22,-8.5,46.5,0,3,0,6,0,10,0,3,9,0,15,42,47,Clear Sky,40,20,309,-392,17867,False,-110,-112
202111304,1,2021,13,12/6/2021 8:15:00 PM,NE,BUF,14,10,-3.0,40.0,8,3,0,3,0,7,0,3,0,0,1,31,33,Light Snow,21,21,127,-150,17875,False,-107,-118
202111420,1,2021,14,12/9/2021 8:20:00 PM,PIT,MIN,28,36,-3.5,45.0,0,0,7,21,0,6,17,6,7,0,42,28,30,Clear Sky,25,5,151,-179,17876,False,-110,-112
202111405,1,2021,14,12/12/2021 1:00:00 PM,ATL,CAR,29,21,-2.5,41.0,7,10,3,9,0,7,0,7,7,0,26,35,40,Clear Sky,35,2,115,-137,17883,False,-114,-107
202111408,1,2021,14,12/12/2021 1:00:00 PM,BAL,CLE,22,24,-3.0,44.0,0,6,3,13,0,10,14,0,0,0,6,39,39,Clear Sky,31,14,128,-151,17878,False,-109,-112
202111413,1,2021,14,12/12/2021 1:00:00 PM,SEA,HOU,33,13,9.5,41.0,10,6,3,14,0,7,6,0,0,0,11,50,55,Clear Sky,50,2,-426,332,17884,False,-109,-113
202111416,1,2021,14,12/12/2021 1:00:00 PM,LV,KC,9,48,-9.5,48.0,0,3,6,0,0,14,21,3,10,0,15,42,43,Clear Sky,37,12,344,-440,17880,False,-109,-112
202111424,1,2021,14,12/12/2021 1:00:00 PM,NO,NYJ,30,9,4.5,42.5,3,7,3,17,0,0,6,0,3,0,3,39,41,Clear Sky,34,8,-216,180,17881,False,-109,-112
202111434,1,2021,14,12/12/2021 1:00:00 PM,JAX,TEN,0,20,-9.0,44.0,0,0,0,0,0,7,3,7,3,0,12,35,40,Clear Sky,32,3,338,-433,17879,False,-109,-112
202111435,1,2021,14,12/12/2021 1:00:00 PM,DAL,WAS,27,20,6.5,48.0,18,6,3,0,0,0,0,8,12,0,19,36,37,Clear Sky,33,4,-274,223,17882,False,-112,-110
202111410,1,2021,14,12/12/2021 4:05:00 PM,DET,DEN,10,38,-12.0,42.0,0,10,0,0,0,14,3,14,7,0,13,41,42,Scattered Clouds,42,3,446,-607,17885,False,-109,-112
202111429,1,2021,14,12/12/2021 4:05:00 PM,NYG,LAC,21,37,-9.0,43.5,7,0,0,14,0,7,17,6,7,0,54,53,56,Clear Sky,53,1,318,-402,17886,False,-110,-112
202111407,1,2021,14,12/12/2021 4:25:00 PM,SF,CIN,26,23,2.0,49.5,3,14,3,0,6,3,3,0,14,3,5,35,35,Clear Sky,30,5,-129,108,17877,False,-110,-110
202111433,1,2021,14,12/12/2021 4:25:00 PM,BUF,TB,27,33,-3.5,52.5,0,3,7,17,0,7,17,0,3,6,24,67,69,Overcast Clouds,69,10,158,-188,17887,False,-112,-109
202111412,1,2021,14,12/12/2021 8:20:00 PM,CHI,GB,30,45,-11.0,43.0,3,24,0,3,0,0,21,17,7,0,22,36,38,Clear Sky,30,14,461,-645,17888,False,-110,-110
202111401,1,2021,14,12/13/2021 8:15:00 PM,LAR,ARI,30,23,-3.0,51.0,0,13,14,3,0,3,10,0,10,0,29,60,64,Overcast Clouds,60,3,133,-158,17889,False,-109,-112
202111529,1,2021,15,12/16/2021 8:20:00 PM,KC,LAC,34,28,3.0,54.0,7,3,3,15,6,0,14,0,14,0,54,52,56,Overcast Clouds,52,6,-172,145,17890,False,-112,-110
202111514,1,2021,15,12/18/2021 8:20:00 PM,NE,IND,17,27,-2.0,46.0,0,0,0,17,0,14,3,3,7,0,9,32,35,Broken Clouds,26,6,103,-125,17893,False,-113,-111
202111504,1,2021,15,12/19/2021 1:00:00 PM,CAR,BUF,14,31,-14.5,43.5,0,8,0,6,0,0,17,7,7,0,1,19,22,Scattered Clouds,14,4,602,-893,17891,False,-114,-108
202111511,1,2021,15,12/19/2021 1:00:00 PM,ARI,DET,12,30,12.5,48.0,0,0,6,6,0,3,14,7,6,0,21,29,29,Overcast Clouds,21,7,-671,482,17896,False,-112,-109
202111515,1,2021,15,12/19/2021 1:00:00 PM,HOU,JAX,30,16,-6.0,39.5,14,6,3,7,0,3,7,3,3,0,10,63,65,Few Clouds,65,11,200,-244,17899,False,-109,-112
202111519,1,2021,15,12/19/2021 1:00:00 PM,NYJ,MIA,24,31,-10.0,42.0,10,7,0,7,0,0,10,7,14,0,2,72,75,Scattered Clouds,72,8,343,-440,17894,False,-109,-112
202111523,1,2021,15,12/19/2021 1:00:00 PM,DAL,NYG,21,6,12.0,43.5,6,9,6,0,0,3,0,3,0,0,3,28,30,Clear Sky,20,8,-544,408,17897,False,-110,-110
202111528,1,2021,15,12/19/2021 1:00:00 PM,TEN,PIT,13,19,-0.5,43.5,10,3,0,0,0,0,3,7,9,0,8,29,32,Clear Sky,32,1,-104,-114,17898,False,-110,-112
202111510,1,2021,15,12/19/2021 4:05:00 PM,CIN,DEN,15,10,-3.0,44.0,3,3,9,0,0,0,3,7,0,0,13,39,41,Scattered Clouds,36,5,132,-155,17901,False,-112,-109
202111531,1,2021,15,12/19/2021 4:05:00 PM,ATL,SF,13,31,-9.0,47.5,3,7,3,0,0,3,14,14,0,0,37,45,47,Clear Sky,44,3,310,-399,17902,False,-110,-112
202111503,1,2021,15,12/19/2021 4:25:00 PM,GB,BAL,31,30,8.5,45.0,0,14,7,10,0,7,7,3,13,0,7,31,32,Clear Sky,24,9,-394,317,17900,False,-113,-108
202111533,1,2021,15,12/19/2021 8:20:00 PM,NO,TB,9,0,-11.5,45.5,3,3,0,3,0,0,0,0,0,0,24,70,70,Scattered Clouds,70,7,447,-602,17904,False,-113,-109
202111508,1,2021,15,12/20/2021 5:00:00 PM,LV,CLE,16,14,2.5,41.0,7,3,0,6,0,0,0,7,7,0,6,34,34,Clear Sky,26,11,-145,124,17892,False,-110,-110
202111506,1,2021,15,12/20/2021 8:15:00 PM,MIN,CHI,17,9,7.0,47.0,7,3,7,0,0,0,3,0,6,0,20,30,35,Broken Clouds,23,7,-311,252,17905,False,-108,-114
202111532,1,2021,15,12/21/2021 7:00:00 PM,SEA,LAR,10,20,-7.0,47.0,0,3,7,0,0,3,0,7,10,0,54,55,58,Clear Sky,55,2,267,-333,17903,False,-109,-112
202111526,1,2021,15,12/21/2021 7:00:00 PM,WAS,PHI,17,27,-10.0,40.0,10,0,0,7,0,0,10,10,7,0,18,37,39,Light Rain,35,3,351,-449,17895,False,-112,-109
202111634,1,2021,16,12/23/2021 8:20:00 PM,SF,TEN,17,20,3.5,45.5,7,3,0,7,0,0,0,10,10,0,12,47,50,Overcast Clouds,46,10,-176,148,17906,False,-110,-110
202111612,1,2021,16,12/25/2021 4:30:00 PM,CLE,GB,22,24,-7.5,46.5,6,6,3,7,0,7,14,3,0,0,22,25,29,Overcast Clouds,23,6,300,-384,17907,False,-110,-110
202111601,1,2021,16,12/25/2021 8:15:00 PM,IND,ARI,22,16,-3.0,48.0,7,5,3,7,0,6,0,7,3,0,29,57,60,Overcast Clouds,57,5,131,-154,17908,False,-112,-109
202111602,1,2021,16,12/26/2021 1:00:00 PM,DET,ATL,16,20,-7.5,42.5,3,7,3,3,0,0,10,3,7,0,45,59,60,Clear Sky,59,4,276,-346,17909,False,-113,-109
202111605,1,2021,16,12/26/2021 1:00:00 PM,TB,CAR,32,6,10.5,44.0,7,12,10,3,0,3,3,0,0,0,26,54,57,Broken Clouds,54,3,-510,380,17915,False,-110,-112
202111607,1,2021,16,12/26/2021 1:00:00 PM,BAL,CIN,21,41,-7.5,43.0,7,7,0,7,0,10,21,3,7,0,5,48,48,Light Rain,44,8,274,-340,17910,False,-110,-112
202111613,1,2021,16,12/26/2021 1:00:00 PM,LAC,HOU,29,41,12.5,45.5,6,6,3,14,0,7,10,0,24,0,11,69,72,Overcast Clouds,72,7,-656,473,17916,False,-110,-110
202111620,1,2021,16,12/26/2021 1:00:00 PM,LAR,MIN,30,23,3.0,48.5,7,6,7,10,0,0,3,10,10,0,42,28,28,Snow,17,12,-173,146,17911,False,-113,-109
202111621,1,2021,16,12/26/2021 1:00:00 PM,BUF,NE,33,21,-1.0,43.5,7,10,3,13,0,0,7,7,7,0,4,28,32,Clear Sky,24,10,-107,-111,17912,False,-112,-109
202111624,1,2021,16,12/26/2021 1:00:00 PM,JAX,NYJ,21,26,-2.5,42.5,3,9,3,6,0,6,7,3,10,0,3,36,39,Few Clouds,32,10,115,-136,17913,False,-113,-108
202111626,1,2021,16,12/26/2021 1:00:00 PM,NYG,PHI,10,34,-11.0,41.0,0,3,0,7,0,0,3,17,14,0,18,38,40,Scattered Clouds,32,8,410,-550,17914,False,-110,-110
202111630,1,2021,16,12/26/2021 4:05:00 PM,CHI,SEA,25,24,-7.0,41.0,0,7,7,11,0,7,10,7,0,0,31,21,22,Light Snow,10,12,254,-314,17917,False,-112,-110
202111616,1,2021,16,12/26/2021 4:25:00 PM,PIT,KC,10,36,-10.5,44.5,0,0,3,7,0,14,9,7,6,0,15,64,65,Light Rain,65,14,364,-468,17918,False,-112,-110
202111625,1,2021,16,12/26/2021 4:25:00 PM,DEN,LV,13,17,1.0,42.0,0,13,0,0,0,0,7,7,3,0,53,44,46,Clear Sky,40,11,-113,-106,17919,False,-108,-113
202111609,1,2021,16,12/26/2021 8:20:00 PM,WAS,DAL,14,56,-9.5,46.0,0,7,0,7,0,21,21,7,7,0,17,69,70,Clear Sky,69,14,356,-461,17920,False,-112,-110
202111622,1,2021,16,12/27/2021 8:15:00 PM,MIA,NO,20,3,3.0,37.5,10,0,7,3,0,0,3,0,0,0,27,67,69,Broken Clouds,67,5,-172,145,17921,False,-110,-111
202111703,1,2021,17,1/2/2022 1:00:00 PM,LAR,BAL,20,19,7.0,47.0,0,7,0,13,0,7,6,3,3,0,7,38,44,Broken Clouds,37,13,-311,253,17935,False,-109,-112
202111704,1,2021,17,1/2/2022 1:00:00 PM,ATL,BUF,15,29,-14.0,46.0,2,13,0,0,0,14,0,8,7,0,1,12,19,Overcast Clouds,19,1,611,-899,17922,False,-109,-112
202111706,1,2021,17,1/2/2022 1:00:00 PM,NYG,CHI,3,29,-6.5,36.5,0,3,0,0,0,14,8,7,0,0,20,14,17,Scattered Clouds,3,7,235,-285,17923,False,-110,-110
202111707,1,2021,17,1/2/2022 1:00:00 PM,KC,CIN,31,34,3.5,51.0,14,14,0,3,0,7,10,7,10,0,5,28,29,Overcast Clouds,19,11,-184,154,17924,False,-108,-113
202111714,1,2021,17,1/2/2022 1:00:00 PM,LV,IND,23,20,-8.5,46.0,7,6,0,10,0,0,10,7,3,0,9,23,25,Clear Sky,12,11,304,-385,17927,False,-110,-110
202111721,1,2021,17,1/2/2022 1:00:00 PM,JAX,NE,10,50,-17.0,41.5,3,0,0,7,0,7,21,13,9,0,4,30,32,Overcast Clouds,25,9,822,-1329,17928,False,-110,-110
202111724,1,2021,17,1/2/2022 1:00:00 PM,TB,NYJ,28,24,14.0,47.5,7,3,7,11,0,7,10,7,0,0,3,35,36,Broken Clouds,29,10,-828,580,17930,False,-109,-113
202111734,1,2021,17,1/2/2022 1:00:00 PM,MIA,TEN,3,34,-3.0,40.5,0,3,0,0,0,7,10,0,17,0,12,31,32,Snow,22,14,136,-161,17926,False,-113,-108
202111735,1,2021,17,1/2/2022 1:00:00 PM,PHI,WAS,20,16,6.0,45.0,0,7,7,6,0,10,6,0,0,0,19,39,45,Light Rain,39,10,-249,206,17931,False,-109,-112
202111729,1,2021,17,1/2/2022 4:05:00 PM,DEN,LAC,13,34,-8.0,45.0,0,3,0,10,0,7,10,3,14,0,54,52,55,Clear Sky,52,4,288,-364,17932,False,-112,-109
202111731,1,2021,17,1/2/2022 4:05:00 PM,HOU,SF,7,23,-14.0,44.0,0,7,0,0,0,0,3,7,13,0,37,46,48,Scattered Clouds,45,4,506,-713,17933,False,-112,-110
202111709,1,2021,17,1/2/2022 4:25:00 PM,ARI,DAL,25,22,-6.5,52.5,3,10,9,3,0,0,7,0,15,0,17,29,36,Clear Sky,29,2,214,-262,17925,False,-110,-110
202111722,1,2021,17,1/2/2022 4:25:00 PM,CAR,NO,10,18,-6.5,37.0,3,7,0,0,0,3,6,3,6,0,27,36,37,Broken Clouds,25,19,237,-292,17929,False,-110,-110
202111730,1,2021,17,1/2/2022 4:25:00 PM,DET,SEA,29,51,-9.0,41.5,0,7,15,7,0,10,21,7,13,0,31,36,37,Moderate Rain,30,10,317,-398,17934,False,-109,-112
202111712,1,2021,17,1/2/2022 8:20:00 PM,MIN,GB,10,37,-12.5,42.5,0,3,7,0,0,3,17,10,7,0,22,5,9,Broken Clouds,-2,6,498,-690,17936,False,-112,-109
202111728,1,2021,17,1/3/2022 8:15:00 PM,CLE,PIT,14,26,1.0,43.5,0,0,7,7,0,0,10,3,13,0,8,25,27,Overcast Clouds,17,6,-114,-105,17937,False,-110,-112
202111810,1,2021,18,1/8/2022 4:30:00 PM,KC,DEN,28,24,11.5,44.5,7,3,7,11,0,7,7,7,3,0,13,30,32,Broken Clouds,28,4,-601,454,17950,False,-113,-108
202111826,1,2021,18,1/8/2022 8:15:00 PM,DAL,PHI,51,26,6.0,45.5,10,20,0,21,0,7,10,3,6,0,18,24,25,Clear Sky,16,7,-257,215,17945,False,-112,-109
202111803,1,2021,18,1/9/2022 1:00:00 PM,PIT,BAL,16,13,-3.0,41.0,3,0,3,7,3,0,3,7,3,0,7,35,42,Broken Clouds,34,16,134,-158,17948,False,-109,-113
202111808,1,2021,18,1/9/2022 1:00:00 PM,CIN,CLE,16,21,-6.5,38.0,0,7,3,6,0,7,7,0,7,0,6,22,22,Few Clouds,7,20,217,-266,17940,False,-110,-110
202111811,1,2021,18,1/9/2022 1:00:00 PM,GB,DET,30,37,4.0,45.0,7,6,3,14,0,7,10,7,13,0,21,16,17,Clear Sky,2,13,-200,167,17941,False,-111,-111
202111813,1,2021,18,1/9/2022 1:00:00 PM,TEN,HOU,28,25,11.0,43.0,0,21,0,7,0,0,0,10,15,0,11,56,60,Overcast Clouds,56,15,-576,425,17949,False,-109,-113
202111815,1,2021,18,1/9/2022 1:00:00 PM,IND,JAX,11,26,14.0,43.5,0,3,0,8,0,7,6,10,3,0,10,66,66,Scattered Clouds,66,5,-962,641,17947,False,-112,-110
202111820,1,2021,18,1/9/2022 1:00:00 PM,CHI,MIN,17,31,-3.5,45.0,3,11,3,0,0,0,3,7,21,0,42,-4,1,Broken Clouds,-11,6,157,-187,17943,False,-109,-113
202111823,1,2021,18,1/9/2022 1:00:00 PM,WAS,NYG,22,7,6.0,36.0,3,3,6,10,0,0,0,0,7,0,3,36,39,Clear Sky,31,12,-248,205,17944,False,-111,-111
202111801,1,2021,18,1/9/2022 4:25:00 PM,SEA,ARI,38,30,-5.5,48.5,7,10,7,14,0,7,3,14,6,0,29,59,60,Clear Sky,59,10,199,-241,17953,False,-112,-110
202111802,1,2021,18,1/9/2022 4:25:00 PM,NO,ATL,30,20,4.5,40.0,7,17,0,6,0,3,3,7,7,0,45,47,50,Overcast Clouds,45,10,-212,177,17938,False,-109,-112
202111804,1,2021,18,1/9/2022 4:25:00 PM,NYJ,BUF,10,27,-16.0,42.0,0,7,3,0,0,10,3,0,14,0,1,22,22,Light Snow,8,17,710,-1153,17939,False,-112,-109
202111832,1,2021,18,1/9/2022 4:25:00 PM,SF,LAR,27,24,-3.5,46.5,0,3,14,7,3,3,14,0,7,0,54,59,61,Clear Sky,59,6,152,-180,17952,False,-112,-110
202111819,1,2021,18,1/9/2022 4:25:00 PM,NE,MIA,24,33,6.5,41.0,0,7,3,14,0,14,3,7,9,0,2,74,74,Light Rain,74,8,-267,219,17942,False,-109,-112
202111833,1,2021,18,1/9/2022 4:25:00 PM,CAR,TB,17,41,-11.0,42.5,7,0,3,7,0,0,10,7,24,0,24,67,69,Clear Sky,67,5,378,-496,17946,False,-113,-109
202111825,1,2021,18,1/9/2022 8:20:00 PM,LAC,LV,32,35,3.0,49.0,0,14,0,15,3,10,7,3,9,6,53,48,50,Clear Sky,47,5,-175,148,17951,False,-113,-109
202130107,3,2021,1,1/15/2022 4:30:00 PM,LV,CIN,19,26,-6.0,48.5,3,10,0,6,0,10,10,3,3,0,5,24,25,Clear Sky,16,7,216,-265,17984,,-112,-109
202130104,3,2021,1,1/15/2022 8:15:00 PM,NE,BUF,17,47,-4.5,43.0,0,3,7,7,0,14,13,6,14,0,1,4,8,Few Clouds,-5,4,177,-213,17985,,-110,-112
202130133,3,2021,1,1/16/2022 1:00:00 PM,PHI,TB,15,31,-7.0,47.0,0,0,0,15,0,14,3,14,0,0,24,59,61,Overcast Clouds,61,21,262,-329,17981,,-113,-108
202130109,3,2021,1,1/16/2022 4:30:00 PM,SF,DAL,23,17,-3.5,51.0,10,6,7,0,0,0,7,0,10,0,17,40,47,Clear Sky,40,2,153,-183,17982,,-113,-108
202130116,3,2021,1,1/16/2022 8:15:00 PM,PIT,KC,21,42,-12.0,46.5,0,7,7,7,0,0,21,14,7,0,15,32,32,Few Clouds,23,12,470,-648,17986,,-110,-111
202130132,3,2021,1,1/17/2022 8:15:00 PM,ARI,LAR,11,34,-3.5,48.5,0,0,8,3,0,7,14,7,6,0,54,59,59,Light Rain,59,3,148,-177,17983,,-112,-108
202130234,3,2021,2,1/22/2022 4:30:00 PM,CIN,TEN,19,16,-4.0,48.5,6,3,7,3,0,0,6,10,0,0,12,26,28,Clear Sky,21,4,167,-199,17987,,-108,-113
202130212,3,2021,2,1/22/2022 8:15:00 PM,SF,GB,13,10,-5.5,47.5,0,0,3,10,0,7,0,0,3,0,22,10,11,Light Snow,1,6,205,-246,17988,,-112,-110
202130233,3,2021,2,1/23/2022 3:00:00 PM,LAR,TB,30,27,-3.0,48.0,10,10,7,3,0,3,0,10,14,0,24,45,48,Few Clouds,42,6,122,-145,17990,,-113,-108
202130216,3,2021,2,1/23/2022 6:30:00 PM,BUF,KC,36,42,-2.0,54.0,7,7,7,15,0,7,7,9,13,6,15,37,38,Clear Sky,28,14,113,-132,17989,,-112,-110
202130316,3,2021,3,1/30/2022 3:00:00 PM,CIN,KC,27,24,-7.0,54.5,3,7,11,3,3,7,14,0,3,0,15,32,33,Clear Sky,28,7,255,-316,17991,,-110,-110
202130332,3,2021,3,1/30/2022 6:30:00 PM,SF,LAR,17,20,-3.5,45.5,0,10,7,0,0,0,7,0,13,0,54,56,59,Clear Sky,56,4,156,-185,17992,,-113,-109
202150136,5,2021,1,2/6/2022 3:00:00 PM,NFC,AFC,35,41,-2.0,64.5,13,8,0,14,0,14,14,13,0,0,53,50,53,Clear Sky,53,3,110,-130,17993,,-110,-110
202130407,3,2021,4,2/13/2022 6:30:00 PM,LAR,CIN,23,20,4.5,49.0,7,6,3,7,0,3,7,10,0,0,54,66,70,Clear Sky,66,2,-192,176,17994,,-107,-108
